Model,MAE,RMSE,R2
Linear Regression(log),111.2510779538578,386.05470676002835,0.32584492501625917
Ridge Regression (log),111.1937075033713,386.9137674211215,0.32284128613130714
Lasso Regression (log),112.3197046910947,389.3984225777824,0.3141163022697482
Elastic Net,111.69066511303421,388.6410559235034,0.3167817484554495
Random Forest Regressor,86.91680631461622,347.88514017194024,0.452563359927588
 Tuned Random Forest Regressor,87.53890646841896,350.75004960376214,0.443509714980973
